alias,canonical
ent,otolaryngology
e.n.t.,otolaryngology
ear nose throat,otolaryngology
ear-nose-throat,otolaryngology
ears nose throat,otolaryngology
hn surgery,otolaryngology – head & neck surgery
head & neck,otolaryngology – head & neck surgery
laryngology,otolaryngology
otology,otolaryngology
rhinology,otolaryngology
sinus surgery,otolaryngology
voice clinic,otolaryngology
thyroid (ent),otolaryngology
facial plastics,otolaryngology
otolaryngology-head and neck surgery,otolaryngology – head & neck surgery
obgyn,obstetrics & gynecology
ob/gyn,obstetrics & gynecology
o&g,obstetrics & gynecology
ob gyn,obstetrics & gynecology
women's health (obgyn),obstetrics & gynecology
gyn,gynecology
ob,obstetrics
maternal-fetal,obstetrics – maternal & fetal medicine
mfm,obstetrics – maternal & fetal medicine
repro endo,obstetrics & gynecology – reproductive endocrinology
reproductive endocrinology,obstetrics & gynecology – reproductive endocrinology
fpmrs,obstetrics & gynecology – female pelvic medicine & reconstructive surgery
urogyn,obstetrics & gynecology – female pelvic medicine & reconstructive surgery
perinatology,obstetrics – maternal & fetal medicine
midwife ob,obstetrics & gynecology
peds,pediatrics
ped,pediatrics
gen peds,pediatrics
adolescent med,pediatrics – adolescent medicine
neonatology,pediatrics – neonatal-perinatal medicine
pediatric cardiology,pediatrics – pediatric cardiology
pediatric endo,pediatrics – pediatric endocrinology
pediatric gi,pediatrics – pediatric gastroenterology
pediatric heme/onc,pediatrics – pediatric hematology-oncology
pediatric id,pediatrics – pediatric infectious disease
pediatric nephro,pediatrics – pediatric nephrology
pediatric pulm,pediatrics – pediatric pulmonology
pediatric rheum,pediatrics – pediatric rheumatology
pediatric neuro,pediatrics – child neurology
pediatric ortho,orthopaedic surgery – pediatric orthopaedics
pediatric derm,dermatology – pediatric dermatology
pediatric ophth,ophthalmology – pediatric ophthalmology
cardio,cardiology
cards,cardiology
cardiovascular,cardiology
interventional cards,internal medicine – interventional cardiology
interventional cardiology,internal medicine – interventional cardiology
electrophysiology,internal medicine – clinical cardiac electrophysiology
ep (cardiac),internal medicine – clinical cardiac electrophysiology
heart failure,internal medicine – advanced heart failure & transplant cardiology
ahft,internal medicine – advanced heart failure & transplant cardiology
cardiac imaging,diagnostic radiology – cardiac imaging
ct surgery,thoracic surgery (cardiothoracic)
cts,thoracic surgery (cardiothoracic)
cardiothoracic,thoracic surgery (cardiothoracic)
thoracic surg,thoracic surgery
thoracic surgery,thoracic surgery
vascular,vascular surgery
endovascular,vascular surgery
vein clinic,vascular surgery
aortic center,vascular surgery
gi,gastroenterology
gastro,gastroenterology
gi endoscopy,gastroenterology
endoscopy,gastroenterology
ibd clinic,gastroenterology
motility,gastroenterology
advanced endoscopy,gastroenterology
hepatology,hepatology
liver clinic,hepatology
pancreatology,gastroenterology
heme/onc,hematology & oncology
hem onc,hematology & oncology
heme,hematology
hematology,hematology
onc,medical oncology
medical oncology,medical oncology
solid tumor,medical oncology
breast med onc,medical oncology
gi med onc,medical oncology
thoracic med onc,medical oncology
neuro-oncology,medical oncology
bmt,hematology
transplant heme,hematology
endo,endocrinology
endocrine,endocrinology
thyroid,endocrinology
diabetes clinic,endocrinology
metabolism,endocrinology
lipids,endocrinology
rheum,rheumatology
rheumatology,rheumatology
arthritis clinic,rheumatology
lupus clinic,rheumatology
id,infectious disease
inf disease,infectious disease
infectious diseases,infectious disease
hiv clinic,infectious disease
tb clinic,infectious disease
travel clinic,infectious disease
tropical med,infectious disease
std clinic,infectious disease
nephro,nephrology
kidney clinic,nephrology
renal,nephrology
dialysis,nephrology
hypertension clinic,nephrology
neuro,neurology
neurol,neurology
general neuro,neurology
stroke,neurology – vascular neurology
vascular neurology,neurology – vascular neurology
epilepsy,neurology – epilepsy
movement disorders,neurology – neuromuscular medicine
neuromuscular,neurology – neuromuscular medicine
ms clinic,neurology
headache clinic,neurology
sleep neuro,neurology – sleep medicine
neuroimmunology,neurology
behavioral neurology,neurology
neuro critical care,critical care medicine
neurosurg,neurological surgery
nsurg,neurological surgery
spine surgery,neurological surgery
skull base,neurological surgery
vascular neurosurgery,neurological surgery
functional neurosurgery,neurological surgery
pediatric neurosurgery,neurological surgery
derm,dermatology
dermatology,dermatology
mohs,dermatology – mohs micrographic surgery
cosmetic derm,dermatology
medical derm,dermatology
hair clinic,dermatology
psoriasis clinic,dermatology
psych,psychiatry
psychiatric,psychiatry
general psych,psychiatry
child psych,psychiatry – child & adolescent psychiatry
addiction psych,psychiatry – addiction psychiatry
geriatric psych,psychiatry
consult-liaison psych,psychiatry
forensic psych,psychiatry
eating disorders psych,psychiatry
pmr,physical medicine & rehabilitation
pm&r,physical medicine & rehabilitation
physiatry,physical medicine & rehabilitation
rehab med,physical medicine & rehabilitation
spinal cord injury,physical medicine & rehabilitation
wound care,physical medicine & rehabilitation
amputee clinic,physical medicine & rehabilitation
neuro rehab,physical medicine & rehabilitation
brain injury rehab,physical medicine & rehabilitation
sports med,sports medicine
sports medicine,sports medicine
non-op sports,sports medicine
pain,pain medicine
pain mgmt,pain medicine
pain & spine,pain medicine
interventional pain,pain medicine
palliative pain,pain medicine
anesth,anesthesiology
anesthesia,anesthesiology
regional anesthesia,anesthesiology
ob anesthesia,anesthesiology
cardiac anesthesia,anesthesiology
peds anesthesia,anesthesiology
critical care anesthesia,anesthesiology – critical care medicine
ophtho,ophthalmology
optho,ophthalmology
glaucoma,ophthalmology – glaucoma
retina,ophthalmology – retina specialist
uveitis,ophthalmology
cornea,ophthalmology – cornea & external diseases
neuro-ophthalmology,ophthalmology
oculoplastics,ophthalmology
pediatric ophthalmology,ophthalmology – pediatric ophthalmology
ortho,orthopaedic surgery
orthopedics,orthopaedic surgery
hand surgery,orthopaedic surgery – hand surgery
foot & ankle,orthopaedic surgery – foot & ankle
shoulder & elbow,orthopaedic surgery
spine ortho,orthopaedic surgery
sports ortho,orthopaedic surgery – sports medicine
trauma ortho,orthopaedic surgery – orthopaedic trauma
joint replacement,orthopaedic surgery
tumor ortho,orthopaedic surgery
uro,urology
urol,urology
uro-onc,urology – urologic oncology
andrology,urology – andrology
female urology,urology – female pelvic medicine & reconstructive surgery
stones clinic,urology
voiding dysfunction,urology
fertility (male),urology – andrology
pulm,pulmonary disease
pulmonology,pulmonary disease
pulm/crit,pulmonary disease | critical care medicine
interstitial lung disease,pulmonary disease
asthma clinic,pulmonary disease
copd clinic,pulmonary disease
sleep med,sleep medicine
sleep medicine,sleep medicine
critical care,critical care medicine
allergy,allergy & immunology
allergy/immunology,allergy & immunology
immunology,allergy & immunology
asthma & allergy,allergy & immunology
clinical immunology,allergy & immunology
fm,family medicine
fam med,family medicine
primary care,family medicine
family practice,family medicine
sports fm,family medicine
im,internal medicine
general internal medicine,internal medicine
gen med,internal medicine
hospitalist,internal medicine – hospitalist
geri,geriatrics
geri med,geriatrics
palliative care,hospice & palliative medicine
hospice,hospice & palliative medicine
em,emergency medicine
er doc,emergency medicine
urgent care,emergency medicine
toxicology (em),emergency medicine
ems (em),emergency medicine
occupational med,occupational medicine
preventive med,preventive medicine
public health,preventive medicine – public health & general preventive medicine
clinical informatics,clinical informatics
undersea & hyperbaric med,undersea & hyperbaric medicine
gen surg,general surgery
general surgery,general surgery
bariatric surgery,general surgery – bariatric surgery
breast surgery,general surgery – surgical oncology
surg onc,general surgery – surgical oncology
colorectal,colon & rectal surgery
hepatobiliary,general surgery – hepatobiliary surgery
transplant surg,transplant surgery
endo surg,endocrine surgery
trauma surgery,general surgery – trauma surgery
hpbt,general surgery – hepatobiliary surgery
oral surgery,oral & maxillofacial surgery
maxillofacial,oral & maxillofacial surgery
dent surg,oral & maxillofacial surgery
tmj surgery,oral & maxillofacial surgery
craniofacial,oral & maxillofacial surgery
rad onc,radiation oncology
rad-onc,radiation oncology
proton therapy,radiation oncology
brachytherapy,radiation oncology
nuc med,nuclear medicine
molecular imaging,nuclear medicine
path,anatomic pathology
ap,anatomic pathology
cp,clinical pathology
ap/cp,pathology – anatomic/clinical pathology
dermpath,pathology – dermatopathology
hemapath,pathology – hematology
cytopath,pathology – cytopathology
microbiology,pathology – medical microbiology
neuropath,pathology – neuropathology
forensic path,pathology – forensic pathology
radiology,diagnostic radiology
diagnostic radiology,diagnostic radiology
neurorad,diagnostic radiology – neuroradiology
msk rads,diagnostic radiology – musculoskeletal radiology
breast imaging,diagnostic radiology – breast imaging
abdominal imaging,diagnostic radiology – abdominal radiology
cardiac rads,diagnostic radiology – cardiac imaging
peds rads,pediatric radiology
interventional radiology,vascular & interventional radiology
ir (radiology),vascular & interventional radiology
neurointerventional,vascular & interventional radiology
gen dent,dentist – general practice
orthodontics,dentist – orthodontics & dentofacial orthopedics
periodontics,dentist – periodontics
endodontics,dentist – endodontics
prosthodontics,dentist – prosthodontics
pediatric dentistry,dentist – pediatric dentistry
oral pathology,dentist – oral & maxillofacial pathology
oral radiology,dentist – oral & maxillofacial radiology
audiology,audiologist
slp,speech-language pathology
speech therapy,speech-language pathology
dietitian,"dietitian, registered"
nutrition,"dietitian, registered"
lactation consultant,lactation consultant
chiro,chiropractor
dc (chiro),chiropractor
podiatry,podiatrist
dpm,podiatrist
optometry,optometrist
od (optometry),optometrist
behavioral health,psychiatry
mental health,psychiatry
addiction med,addiction medicine
addiction medicine,addiction medicine
substance use,addiction medicine
genetics,medical genetics
clinical genetics,medical genetics
molecular genetics,medical genetics
immunotherapy clinic,allergy & immunology
infusion center (onc),medical oncology
anticoag clinic,cardiology
cardiovascular disease staff,cardiovascular disease
human factors occupational therapist,human factors
neuromuscular psychiatry neurology,neurology
nurse practitioner psychiatric mental,psychiatric mental community
orthopaedic foot ankle,foot ankle
developmental disabilities 261qd1600x,developmental disabilities
otolaryngology otolaryngology facial plastic,otolaryngology facial plastic
speech language pathologist 235z00000x,speech language assistant
clinical nurse critical,surgical critical
medical genetics clinical biochemical genetic 207sg0202x,medical biochemical genetics
radiology diagnostic radiology 2085r0202x,diagnostic radiology
clinical psychology,clinical neurophysiology
public state or loca,public state or local
psychiatry hospital,psychiatry
dentist pediatric,pediatric dentistry
psychologist forensic,forensic psychiatry
pathology,anatomic pathology clinical pathology
pediatric dentist,pediatric dentistry
psychologist clinical,clinical
substance use disorder,addiction substance use disorder
pediatrics child abuse pediatrics 2080c0008x,child abuse pediatrics
other certified first assistant,registered nurse first assistant
radiation oncology service,oncology radiation
dentist anesthesiology,dental anesthesiology
psychologist addiction substance use,addiction substance use disorder
registered nurse service,registered nurse first assistant
hospital based anesthesiology,coding hospital based
obstetrics gynecology female pelvic reconstructive,urogynecology reconstructive pelvic
internal critical,critical
hematology pathology,hematology
radiation oncology program,oncology radiation
pediatric occupational therapy,pediatric rehabilitation
speech language hearing technologist,hearing speech
foot ankle orthopaedic,foot ankle
pediatric ent otolaryngology,pediatric otolaryngology
gastroenterology hospital,gastroenterology
clinical laboratory service,clinical pathology laboratory
orthopaedic adult reconstructive 207xs0114x,adult reconstructive orthopaedic
outpatient substance abuse treatment facility,substance abuse treatment children
medical genetics division,medical biochemical genetics
surgical oncology hospital,surgical oncology
registered nurse pain management,pain management
the hand 2086s0105x,the hand
radiation,radiation therapy
hospice palliative hospital,hospice palliative
radiology radiation oncology 2085r0001x,oncology radiation
psychologist clinical child adolescent,clinical child adolescent
home environment modification,home modifications
dentist endodontics,endodontics
pediatric urologist,pediatric urology
mental illness,respite mental illness child
psychiatric nurse,psychiatric
medical genetics molecular genetic pathology,molecular genetic pathology
personal attendant 3747p1801x,personal attendant
specialty,medical specialty
pediatric dentistry usa,pediatric dentistry
child adolescent,clinical child adolescent
adult companion,adult
outpatient diagnostic imaging,diagnostic radiology
clinical nurse oncology,medical oncology
addiction psychiatrists,addiction psychiatry
oral maxillofacial 204e00000x,oral maxillofacial
medical toxicology emergency,medical toxicology
state or local 261qp0905x,public state or local
hospital rehabilitation,rehabilitation
neurocritical psychiatry neurology,neurology
dermatology mohs micrographic 207nd0101x,mohs micrographic
dr hospice palliative,hospice palliative
transplant hepatology pediatrics,pediatric transplant hepatology
pediatrics developmental behavioral pediatric 2090p0006x,developmental behavioral pediatrics
residential treatment substance abuse children,substance abuse treatment children
radiology hospital,radiology
family adolescent,clinical child adolescent
occupational therapy,occupational
dental hygienist,dental
rehabilitation comprehensive outpatient corf ctr,rehabilitation comprehensive outpatient rehabilitation facility corf
medical genetics phd non,geneticist medical phd
dermatology dermatopathology 207nd0900x,dermatopathology
medical genetics program,medical biochemical genetics
radiology diagnostic ultrasound 2085u0001x,diagnostic radiology
otolaryngology otology neurotology,otology neurotology
bariatric psychiatry neurology,neurology
sports orthopaedic,sports
agency case management 251b00000x,case management
cardiology hospital,cardiology
pediatric genetics,nutrition pediatric
peripheral vascular,vascular
dentist oral maxillofacial pathology,oral maxillofacial pathology
speech therapy assistant,speech language assistant
obstetrics gynecology complex family planning,complex family planning
hospice palliative physical rehab,hospice palliative
emergency emergency medical 207pe0004x,emergency medical
dentist pediatrics,pediatric dentistry
family hospice palliative 207qh0002x,hospice palliative
physiological laboratory,medical laboratory
assisted living facility behavioral disturbances,assisted living behavioral disturbances
emergency pediatric emergency,pediatric emergency
pediatrics cardiology 2080p0202x,pediatric cardiology
urology hospital,urology
emergency medical technician service,emergency medical
child neurology,child adolescent psychiatry
radiation therapy osteopaths only,radiation therapy
pediatric hospice palliative,hospice palliative
facial plastic otolaryngology,otolaryngology facial plastic
clinical nurse psychiatric mental,psychiatric mental
obesity weight management nutrition registered dietitian,nutrition obesity weight management
radiology mobil,radiology mobile
psych nurse practitioner child adolescent,child adolescent psychiatry
residential treatment facility substance abuse rehab child,substance abuse treatment children
physical therapist clinical electrophysiology,electrophysiology clinical
blood bank transfusion,blood banking transfusion
clinical nurse acute,clinical
plastic the hand 2082s0105x,the hand
magnetic resonance imaging mri internal,magnetic resonance imaging mri
registered nurse critical,registered nurse first assistant
infectious disease 207ri0200x,infectious disease
optometrist pediatric,pediatric chiropractor
pain management service,pain management
psychologist adult development aging,adult development aging
community based residential trtmnt mental illness,psychiatric mental community
pathology anatomic pathology 207zp0101x,anatomic pathology
podiatrics foot ankle,foot ankle
pediatric allergy,pediatric allergy immunology
pulmonary disease 207rp1001x,pulmonary disease
neonatology perinatal,neonatal perinatal
registered nurse addiction substance use disorder,addiction substance use disorder
dermatopathology pathology,dermatopathology
neurology special qual child,neurology with special qualifications in child neurology
reproductive endocrinology hospital,reproductive endocrinology
pediatric orthopedic,pediatric orthopaedic
reproductive endocrinology program,reproductive endocrinology
public hospital,public
multi specialty 261qm1300x,multi specialty
psychologist addiction substance use disorder,addiction substance use disorder
medical genetics usa,medical biochemical genetics
physical rehabilitation pain,physical rehabilitation
technologist,medical technologist
endocrinology diabetes metabol,endocrinology diabetes metabolism
basic emergency medical technician,emergency medical
radiation therapeutic,radiation therapy
laboratory management technologist,laboratory management
physical med rehab pediatric rehabilitation 2081p0010x,pediatric rehabilitation
rehabilitation comprehensive outpatient rehab fac corf,rehabilitation comprehensive outpatient rehabilitation facility corf
registered nurse psychiatric mental,psychiatric mental adult
primary podiatric podiatrist,primary podiatric
ambulatory family planning,ambulatory family planning facility
hospital psychiatric,psychiatric
diagnostic neuroimaging radiology,diagnostic radiology
registered nurse lactation consultant,lactation consultant
orthopedic hospital,orthopedic
medical genetics clinical genetics m d 207sg0201x,clinical genetics m d
brain injury psychiatry neurology,neurology
radiology diagnostic neuroimaging 2085d0003x,diagnostic radiology
preventive occupational environment 2083p0500x,preventive occupational environmental
outpatient psychiatric,psychiatric
psychiatry neurology pain,neurology
vision technician optician,optometric technician
pharmacy mail order,mail order pharmacy
clinical molecular genetics genomics,clinical molecular genetics
psychiatry neurology forensic phychiatry,forensic psychiatry
pediatrics hospice palliative 2080h0002x,hospice palliative
plastic within the head neck otolaryngology,plastic within the head neck
ambulatory endoscopy facility,ambulatory fertility facility
registered nurse diabetes educator,diabetes educator
registered nurse adult mental,adult mental
emergency medical technician usa,emergency medical
mental adolescent children,adolescent children mental
undersea hyperbaric emergency,undersea hyperbaric
pediatric dentistry program,pediatric dentistry
clinical nurse,clinical
brain injury physical rehabilitation,physical rehabilitation
anesthesiology critical,pediatrics critical
preventive undersea hyperbaric,undersea hyperbaric
pediatric neurology,pediatric cardiology
pathology blood banking transfusion med 207zb0001x,blood banking transfusion
nurse practitioner neonatal critical,neonatal critical
dermatology mohs micrographic,mohs micrographic
clinical electrophysiology physical therapist,electrophysiology clinical
pain pain,pain
record administrator,registered record administrator
dietician nutrition,nutrition
emergency pediatric 207pp0204x,pediatric emergency
nurse anesthetist certified registered,registered nurse first assistant
pain management hospital,pain management
dermatologic immunology,immunology
physical rehabilitation occupational therapist,physical rehabilitation
child adolescent psychology,child adolescent psychiatry
inpatient outpatient hospital,obstetric inpatient
family service,family
infusion therapy 261qi0500x,infusion therapy
chiropractor radiology,radiology
interventional,interventional cardiology
substance abuse rehabilitation facility,rehabilitation substance use disorder
home modifications 171wh0202x,home modifications
dr clinical laboratory,clinical laboratory immunology
clinical anatomic pathology,anatomic pathology clinical pathology
dentist oral maxillofacial 1223s0112x,oral maxillofacial
otolaryngology facial plastic 207ys0123x,otolaryngology facial plastic
community mental,psychiatric mental community
pediatrics allergy immunology 2080p0201x,pediatric allergy immunology
counselor addiction substance use disorder,addiction substance use disorder
emergency service,emergency
pediatric optometrist,pediatric chiropractor
midwife registered nurse,registered nurse first assistant
assistant anesthesia,surgical assistant
endocrinology metabolism,endocrinology diabetes metabolism
occupational preventive,preventive occupational environmental
social work child adolescent,clinical child adolescent
psychiatry neurology vascular neurology 2084v0102x,neurology
occupational therapist low vision,occupational vision
oral pathology,oral maxillofacial pathology
ambulatory surgical 261qa1903x,ambulatory surgical
preventive preventive occupational environmental,preventive occupational environmental
podiatric foot ankle,foot ankle
rehabilitation hospital pediatric children,pediatric rehabilitation
respite developmental disabilities,developmental disabilities
critical neonatal nurse practitioner,neonatal critical
pain interventional pain,interventional pain
critical clinical nurse,surgical critical
infectious disease service,infectious disease
psychiatric hospital,psychiatric
physical therapist orthopedic,physical therapy
psychologist child adolescent,child adolescent psychiatry
clinical nurse community public,community public
plastic within head neck,plastic within the head neck
pediatrics clinical nurse,nursing pediatric
radiology body imaging 2085b0100x,body imaging
clinical cytogenetic,clinical cytogenetics
non surgical,family planning non surgical
diagnostic,diagnostic neuroimaging
medical surgical nurse,medical surgical
clinical nurse adult,clinical child adolescent
dentist pediatric dentistry,pediatric dentistry
certified athletic trainer,athletic trainer
diplomate laboratory management technologist,laboratory management diplomate
critical obstetrics gynecology,obstetrics gynecology
pediatric pulmonary disease,pulmonary disease
child family,family
medical geneticist phd technologist,geneticist medical phd
physical therapy 261qp2000x,physical therapy
renal nutrition registered dietitian,nutrition renal
clinical laboratory,clinical pathology laboratory
dr surgical oncology,surgical oncology
free standing end stage renal disease,end stage renal disease esrd treatment
neurology physical therapist,physical therapy
orthopaedic orthopaedic trauma 207xx0801x,orthopaedic trauma
psychiatry neurology neuromuscular,neurology
substance use disorder rehabilitation hospital,rehabilitation substance use disorder
assistant medical,surgical assistant
assistant surgical 363as0400x,surgical assistant
psychiatry child adolescent,child adolescent psychiatry
orthopaedic sports,sports
counselor addiction substance use disorder 101ya0400x,addiction substance use disorder
laboratory clinical medical 291u00000x,medical laboratory
hospice outpatient,hospice
psych mental adult clinical nurse,psychiatric mental adult
foot ankle orthopedics,foot ankle
otolaryngology otology neurotology 207yx0901x,otology neurotology
pediatric dentistry service,pediatric dentistry
neuropsychiatry,behavioral neurology neuropsychiatry
pediatric emergency emergency,pediatric emergency
ambulance air transport 3416a0800x,air transport
mental counseling child adolescent,psychiatric mental child adolescent
substance abuse agency,substance abuse treatment children
infectious disease hospital,infectious disease
anesthesiology pediatric anesthesiology 207lp3000x,pediatric anesthesiology
registered nurse program,registered nurse first assistant
emergency medical technician program,emergency medical
physical rehab hospital,physical rehabilitation
pediatric emergency pediatrics,pediatric emergency
lactation consultant registered nurse,lactation consultant
pediatric registered nurse,registered nurse first assistant
neurological critical,surgical critical
pediatric critical nurse practitioner,pediatric critical
registered nurse emergency,registered nurse first assistant
otolaryngology pediatric otolaryngology 207yp0228x,pediatric otolaryngology
case management agency,case management
pediatric adolescent,adolescent
critical hospital,critical access hospital
adult home facility,adult home
physical rehabilitation physiatry pain management,physical rehabilitation
registered nurse medical surgical,medical surgical
durable medical equipment dialysis,dialysis equipment supplies
hospice palliative internal,hospice palliative
residential treatment substance abuse,substance abuse treatment children
critical anesthesiology,pediatrics critical
pediatrics neurodevelopmental disabilities,neurodevelopmental disabilities
clinical cardiac electrophysiology internal,clinical cardiac electrophysiology
anesthesiology addiction,addiction psychiatry
psychiatry neurology neuromuscular 2084n0008x,behavioral neurology neuropsychiatry
dentist orthodontics dentofacial orthopedics 1223x0400x,orthodontics dentofacial orthopedics
long term support,long term
pharmacy specialty,specialty pharmacy
gynecological oncology,gynecologic oncology
pathology anatomic clinical pathology 207zp0102x,anatomic pathology clinical pathology
cardiac electrophysiology,clinical cardiac electrophysiology
physical rehab,physical rehabilitation
sleep disorders,sleep disorder diagnostic
radiation oncology,oncology radiation
public or welfare agencies,public state or local
massage therapist,nurse massage therapist nmt
adult psychiatric mental registered nurse,psychiatric mental adult
medical genetics phd,geneticist medical phd
substance abuse treatmnt children substnce abuse rehab,substance abuse treatment children
pain management centers,pain management
radiology mobile program,radiology mobile
residential treatment physical disabilities,respite physical disabilities child
otolaryngology,pediatric otolaryngology
psychiatry neurology addiction 2084a0401x,addiction psychiatry
clinical pharmacology,clinical neurophysiology
pediatric pulmonary,pediatric
hospice palliative anesthesiology,hospice palliative
otology neurotology ear,otology neurotology
technician personal attendant,personal attendant
psychology child adolescent,child adolescent psychiatry
physical therapy assistant,physical therapy
micrographic mohs,mohs micrographic
hospital rehabilitation substance use disorder,rehabilitation substance use disorder
podiatrist primary podiatric 213ep1101x,primary podiatric
pediatric dentistry division,pediatric dentistry
retina ophthalmology,retina
immunology allergy immunology,allergy immunology
registered nurse home,registered nurse first assistant
plastic within head neck otolaryngology,plastic within the head neck
intermediate facility nursing,nursing facility supplies
diagnostic neuroimaging psychiatry neurology,diagnostic neuroimaging
dr speech language pathologist,speech language assistant
pharmacy community retail,community retail pharmacy
residential treatment substance use disorder,rehabilitation substance use disorder
psych mental clinical nurse,psychiatric mental
physical rehabilitation physiatry,physical rehabilitation
molecular genetic pathology medical genetics,molecular genetic pathology
clinical biochemical molecular genetics,clinical molecular genetics
interventional cardiology cardiology,interventional cardiology
dr radiation oncology,oncology radiation
registered nurse infusion therapy,home infusion therapy pharmacy
speech language pathologist division,speech language assistant
pediatric child abuse,child abuse pediatrics
clinical nurse medical surgical 364sm0705x,medical surgical
respite child mental illness,respite mental illness child
reproductive,reproductive endocrinology
obstetrics gynecology gynecology 207vg0400x,obstetrics gynecology
nursing facility intermediate facility,nursing facility supplies
pediatrics medical toxicology 2080t0002x,medical toxicology
ambulatory infusion therapy facility,infusion therapy
radiology mobile hospital,radiology mobile
molecular genetic pathology pathology,molecular genetic pathology
adult family,adult home
clinical nurse pediatrics,nursing pediatric
adult day 261qa0600x,adult day
community program,community
end stage renal disease 261qe0700x,end stage renal disease esrd treatment
otolaryngology head neck,otorhinolaryngology head neck
counseling psychologist,counseling
pediatric neonatology,neonatal pediatrics
home infusion,home infusion therapy pharmacy
radiation oncology usa,oncology radiation
surgical oncologist,surgical oncology
registered nurse registered nurse first assistant,registered nurse first assistant
hematology oncology 207rh0003x,hematology oncology
physical rehab service,physical rehabilitation
podiatric assistant,orthopedic assistant
preventive public hlth preventive med,public preventive
diabetes metabolism,endocrinology diabetes metabolism
neonatal perinatal med,neonatal perinatal
medical genetics clinical biochemical genetics,medical biochemical genetics
developmental rehabilitation,rehabilitation
preventive public,public preventive
pediatric neonatal perinatal,neonatal perinatal
obstetrics gynecology obstetrics 207vx0000x,obstetrics gynecology
psychologist counseling,counseling
pathology oral,oral maxillofacial pathology
gynecologic,gynecologic oncology
dr pediatric dentistry,pediatric dentistry
reproductive endocrinology division,reproductive endocrinology
medical toxicology preventive,medical toxicology
psychologist psychotherapy,psychotherapy
sports psychiatry neurology,neurology
pediatric optometrist hospital,pediatric chiropractor
physical occupational therapist,physical therapy
women s clinical nurse,women s ambulatory
adult reconstructive orthopedics,adult reconstructive orthopaedic
speech language pathologist,speech language assistant
radiology nuclear radiology 2085n0904x,nuclear radiology
orthopaedic pediatric 207xp3100x,pediatric orthopaedic
optometrist corneal contact management,corneal contact management
neuro opthalmology,neuro ophthalmology
addiction substance use disorder registered nurse,addiction substance use disorder
clinical laboratory division,clinical pathology laboratory
emergency ambulatory facility,ambulatory fertility facility
psychiatry neurology pediatric neurology 2084n0402x,neurology
augmentative communication 261qa3000x,augmentative communication
obstetrics gynecology nurse practitioner,obstetrics gynecology
pathology hematology,hematology
orthopedic chiropractor,pediatric chiropractor
pathology medical microbiology 207zm0300x,medical microbiology
plastic within the head neck plastic,plastic within the head neck
diabetic educator,diabetes educator
prescribing medical psychologist,prescribing medical
female pelvic reconstructive,urogynecology reconstructive pelvic
clinical cardiac electrophysio,clinical cardiac electrophysiology
skilled nursing facility pediatric,nursing pediatric
reproductive endoc infertility,reproductive endocrinology infertility
neuroscience clinical nurse,clinical neurophysiology
hospital based cardiology,coding hospital based
hospice palliative psychiatry neurology,hospice palliative
obstetrics gynecology 207v00000x,obstetrics gynecology
pediatrics infectious diseases 2080p0208x,pediatric infectious diseases
state or local,public state or local
dermatology procedural dermatology 207ns0135x,procedural dermatology
hospice palliative family,hospice palliative
diabetes education,diabetes educator
pediatric neurodevelopmental disabilities,neurodevelopmental disabilities
endocrinology,pediatric endocrinology
otology,otology neurotology
hospital acute,military acute hospital
pediatric neurosurgery,pediatric anesthesiology
emergency emergency medical,emergency medical
radiology mammography 261qr0206x,radiology mammography
home infusion agency,home infusion therapy pharmacy
plastic plastic head neck 2082s0099x,plastic within the head neck
nurse practitioner pediatric critical,pediatric critical
clinical psychology hospital,clinical pathology laboratory
nurse rn lactation consultant,lactation consultant
psychiatry neurology neurology 2084n0400x,neurology
ambulatory family planning 261qa0005x,ambulatory family planning facility
behavioral substance abuse,substance abuse treatment children
optometrist corneal contact management 152wc0802x,corneal contact management
pain physical rehabilitation,physical rehabilitation
dr pain management,pain management
adult clinical nurse,clinical child adolescent
assisted living facility mental illness,assisted living mental illness
sleep disorder diagnostic 261qs1200x,sleep disorder diagnostic
cardiac,clinical cardiac electrophysiology
psychologist developmental disabilities,developmental disabilities
emergency clinical nurse,emergency medical
head neck,otorhinolaryngology head neck
children acute hospital,military acute hospital
psychosomatic psychiatry neurology,neurology
community based residential treatment fac mental illness,psychiatric mental community
screener case management,case management
addiction substance use disorder counselor,addiction substance use disorder
adult reconstructive orthopedic,adult reconstructive orthopaedic
public facility,public
plastic reconstructive 2086s0122x,plastic reconstructive
dermatopathology dermatology,dermatopathology
nurse psychiatric,psychiatric
dentist orthodontics dentofacial orthopedics,orthodontics dentofacial orthopedics
adult foster home 311za0620x,adult home
pediatric opthalmology,pediatric ophthalmology strabismus
dentist oral maxillofacial radiology,oral maxillofacial radiology
pain management division,pain management
clinical lab immunology,clinical laboratory immunology
hospice palliative radiology,hospice palliative
long term hospital,long term pharmacy
substance abuse disorder rehabilitation facility,rehabilitation substance use disorder
immunology pediatric,pediatric allergy immunology
substance abuse,substance abuse treatment children
hospice inpatient,hospice
nurse practitioner obstetrics gynecology,obstetrics gynecology
radiology diagnostic neuroimaging,diagnostic radiology
developmental behavioral,developmental behavioral pediatrics
single specialty,multi specialty
podiatrist foot ankle,foot ankle
radiology vascular interventional radiology 2085r0204x,vascular interventional radiology
registered nurse case management,case management
pediatric physical therapy,physical therapy
durable medical equipment parenteral enteral nutrition,parenteral enteral nutrition
obstetrics gynecology reproductive endocrinology infertility,reproductive endocrinology infertility
adult family home,adult home
allergy immunology internal,allergy immunology
respite camp 385hr2050x,respite camp
allergy immunology allergy 207ka0200x,allergy immunology
residential treatment substance use disorder children,substance abuse treatment children
orthopaedic the spine 207xs0117x,orthopaedic the spine
community hospital,community
speech language pathologist service,speech language assistant
psychiatric residential treatment facility,rehabilitation comprehensive outpatient rehabilitation facility corf
medically fragile infants children day ctr,medically fragile infants children day
emergency hospital,emergency medical
urology pediatric urology 2088p0231x,pediatric urology
ambulance land transport 3416l0300x,land transport
clinical nurse neuroscience,clinical neurophysiology
dermatology dermatopathology,dermatopathology
medical assistant,surgical assistant
occupational therapist,occupational
hospice palliative pediatrics,hospice palliative
dentistry,pediatric dentistry
oral maxillofacial dentist,oral maxillofacial
psychiatry neurology addiction psychiatry 2084p0802x,addiction psychiatry
pathology pediatric pathology 207zp0213x,pediatric pathology
surgical oncology division,surgical oncology
psychologist prescribing medical,prescribing medical
speech language pathologist program,speech language assistant
clinical neuropsychologist clinical 103gc0700x,clinical
psychiatric mental rn,psychiatric mental
public or welfare agency,public state or local
mobile radiology 261qr0208x,radiology mobile
critical access 282nc0060x,critical access
federally qualified,federally qualified fqhc
phd medical genetics,geneticist medical phd
neuromuscular physical rehabilitation,physical rehabilitation
dentist public,dental public
pathology clinical pathology 207zc0006x,clinical pathology
physical therapist,physical therapy
pharmacy home infusion therapy pharmacy,home infusion therapy pharmacy
medical oncology 207rx0202x,medical oncology
pediatric neuro,pediatric
addiction psychiatry neurology,addiction psychiatry
substance use disorder professional,rehabilitation substance use disorder
surgical oncology 2086x0206x,surgical oncology
hospice palliative obstetrics gynecology,obstetrics gynecology
pediatrics adolescent,child adolescent psychiatry
pharmacy institutional,institutional pharmacy
neurotology,otology neurotology
registered nurse,registered nurse first assistant
skilled nursing facility,nursing facility supplies
pharmacist clinician,pharmacist clinician phc clinical pharmacy
otolarynology otology neurotology,otology neurotology
sleep psychiatry neurology,neurology
pediatric physical therapist,physical therapy
obstetrics gynecology gynecologic oncology 207vx0201x,gynecologic oncology
internal hospice palliative,hospice palliative
hospice palliative program,hospice palliative
nursing,nursing pediatric
dietitian pediatric,nutrition pediatric
anesthesiology,pediatric anesthesiology
the hand plastic,the hand
clinical child adolescent psychologist,clinical child adolescent
dentist oral maxillofacial pathology 1223p0106x,oral maxillofacial pathology
ambulance land transport,land transport
pediatrics hematology oncology,pediatric hematology oncology
child family psychiatric mental clinical nurse,psychiatric mental child family
allergy immunology 207k00000x,allergy immunology
acute clinical nurse,clinical
hyperbaric,undersea hyperbaric
acute hospital,military acute hospital
medical toxicology pediatrics,medical toxicology
pediatrics neurodevelopmental disabilities 2080p0008x,neurodevelopmental disabilities
dr reproductive endocrinology,reproductive endocrinology
residential treatment facility physical disabilities,physical rehabilitation
pediatrics physical therapist,physical therapy
radiology diagnostic ultrasound,diagnostic ultrasound
otolaryngology plastic head neck 207yx0007x,otorhinolaryngology head neck
medical surgical clinical nurse,medical surgical
pediatric critical med,pediatric critical
dermatological immunology,clinical laboratory dermatological immunology
ambulance air transport,air transport
psychiatry neurology,psychiatry
nutritional counseling,counseling
rural acute hospital,military acute hospital
surgical critical 2086s0102x,surgical critical
clinical informatics otolaryngology,clinical informatics
pulmonary,pulmonary disease
radiology mobile service,radiology mobile
dr emergency medical technician,emergency medical
residential treatment facility substance abuse rehab,substance abuse treatment children
neuro radiology,neuro ophthalmology
child psychiatry,child adolescent psychiatry
clinical laboratory usa,clinical pathology laboratory
physical rehab program,physical rehabilitation
pediatric developmental behavioral,developmental behavioral pediatrics
assistant surgical,surgical assistant
psych mental child adolescent clinical nurse spclst,psychiatric mental child adolescent
registered nurse pediatric,registered nurse first assistant
corneal contact management optometrist,corneal contact management
dr infectious disease,infectious disease
cardiovascular diseases,cardiovascular disease
clinical medical laboratory,medical laboratory
home registered nurse,registered nurse first assistant
gynecology oncology,gynecologic oncology
counselor addiction substance use,addiction substance use disorder
geriatric psychiatrists,geriatric psychiatry
radiology mobile usa,radiology mobile
pain interventional pain 208vp0014x,interventional pain
counselor substance abuse,substance abuse treatment children
neurology hospital,neurology
speech hearing,hearing speech
nurse clinical,clinical
dr medical genetics,medical biochemical genetics
neurodevelopmental disabilities psychiatry neurology,behavioral neurology neuropsychiatry
surgical oncology program,surgical oncology
dentist periodontics,periodontics
psychiatry neurology geriatric psychiatry 2084p0805x,geriatric psychiatry
dermatology clinical laboratory dermatological immunology,clinical laboratory dermatological immunology
psychiatry neurology neurocritical 2084a2900x,behavioral neurology neuropsychiatry
pediatric neurological,pediatric
radiology radiological physics 2085r0205x,radiological physics
laboratory,medical laboratory
psychiatry neurology neurophysiology 2084n0600x,neurology
critical registered nurse,registered nurse first assistant
psychologists counseling,counseling
residential treatment substance abuse 324500000x,substance abuse treatment children
hematology medical oncology,medical oncology
orthopedic the spine,orthopaedic the spine
pharmacy long term,long term pharmacy
community based residential treatment mental illness,psychiatric mental community
otolaryngology otolrnglgy facial plastic surg 207yx0905x,otolaryngology facial plastic
preventive medical toxicology,medical toxicology
durable medical equipment customized 332bc3200x,customized equipment
pain management usa,pain management
ambulatory surgical asc,ambulatory surgical
acute hospital children,military acute hospital
complex surgical oncology,surgical oncology
nuclear hospital,nuclear radiology
speech language pathology,speech language assistant
body imaging radiology,body imaging
pediatrics hospital,pediatrics
psychiatry neurology behavioral neuropsy 2084b0040x,behavioral neurology neuropsychiatry
intermediate facility intellectual disabilities,intellectual developmental disabilities
chiropractor pediatric,pediatric chiropractor
infectious disease program,infectious disease
mental adult,adult mental
prosthetic case management,prosthetics case management
advanced heart failure transplant,advanced heart failure transplant cardiology
neurology chiropractor,pediatric chiropractor
preventive public 2083p0901x,public preventive
transplant hepatology internal,transplant hepatology
reproductive endocrinology service,reproductive endocrinology
dentist dental public,dental public
dr radiology mobile,radiology mobile
orthodonticts dentofacial orthopedics,orthodontics dentofacial orthopedics
metabolic nutrition registered dietitian,nutrition metabolic
comprehensive outpatient rehabilitation facility corf,rehabilitation comprehensive outpatient rehabilitation facility corf
comprehensive outpatient rehab fac corf,rehabilitation comprehensive outpatient rehabilitation facility corf
oncology hospital,medical oncology
critical pediatrics,pediatrics critical
otolaryngology plastic within the head neck,plastic within the head neck
residential treatment facility psychiatric,rehabilitation comprehensive outpatient rehabilitation facility corf
pediatric infectious disease,pediatric infectious diseases
pediatric ophthalmology,pediatric ophthalmology strabismus
orthopaedic foot ankle 207xx0004x,foot ankle
end stage renal disease dialysis,end stage renal disease esrd treatment
clinical laboratory hospital,medical laboratory
end stage renal disease treatment facl,end stage renal disease esrd treatment
pathology molecular genetic pathology 207zp0007x,molecular genetic pathology
orofacial pain tmj,orofacial pain
registered nurse hospital,registered nurse first assistant
substance abuse residential treatment,substance abuse treatment children
transplant hepatology pediatric,pediatric transplant hepatology
clinical nurse women s,women s ambulatory
radiology mobile division,radiology mobile
psychiatry neurology psychiatry 2084p0800x,psychiatry
critical pediatric nurse practitioner,pediatric critical
chiropractor neurology,pediatric chiropractor
school counselor,school
community worker,community
orthopedic trauma,orthopaedic trauma
pulmonology,pediatric pulmonology
multiple specialty,multi specialty
oncology clinical nurse,medical oncology
radiology pediatric radiology 2085p0229x,pediatric radiology
psychologist exercise sports,exercise sports
community support,community
physical therapy rehab,physical therapy
reproductive endocrinology usa,reproductive endocrinology
radiologic technologist radiation therapy,radiation therapy
physical rehab division,physical rehabilitation
clinical nurse medical surgical,medical surgical
durable medical equipment medical supplies customized eq,customized equipment
speech language pathologist hospital,speech language assistant
speech language pathologist usa,speech language assistant
sports physical rehabilitation,physical rehabilitation
radiation oncology division,oncology radiation
psychiatric mental nurse practitioner,psychiatric mental community
residential treatment developmental disabilities,developmental disabilities
pediatric diagnostic laboratory immunology,clinical laboratory immunology
mobile mammography,radiology mobile mammography
psychologist psychoanalysis,psychoanalysis
pediatrics neonatal perinatal 2080n0001x,neonatal pediatrics
certified first assistant,registered nurse first assistant
mental counseling,psychiatric mental
durable medical equipment customized,customized equipment
pediatric dentistry hospital,pediatric dentistry
psychiatric mental clinical nurse,psychiatric mental
end stage renal disease esrd,end stage renal disease esrd treatment
reconstructive orthopedic,adult reconstructive orthopaedic
neurophysiology,clinical neurophysiology
pediatric rehabilitation med,pediatric rehabilitation
infectious disease internal,infectious disease
registered nurse division,registered nurse first assistant
adult psychiatric mental clinical nurse,psychiatric mental adult
medical genetics clinical molecular genetics 207sg0203x,clinical molecular genetics
public sector,public
non emergency medical transport van,emergency medical
hospice palliative division,hospice palliative
sports physical therapist,physical therapy
counselor school,school
public service,public
pediatrics hematology oncology 2080p0207x,pediatric hematology oncology
bariatric obstetrics gynecology,obstetrics gynecology
acute hospital pediatric children,military acute hospital
medical genetics hospital,medical biochemical genetics
vision therapy optometrist,vision therapy
personal emergency response attendant,personal attendant
infectious disease usa,infectious disease
neurology with special qualification in child neurology,neurology with special qualifications in child neurology
surgical oncology usa,surgical oncology
urogynecology reconstructive pelvic urology,urogynecology reconstructive pelvic
hospital long term 282e00000x,long term pharmacy
radiology therapeutic radiology 2085r0203x,therapeutic radiology
cert registered nurse anesthetist,registered nurse first assistant
cardiovascular,cardiovascular disease
clinical genetics,clinical biochemical genetics
orthopaedic,pediatric orthopaedic
community service,community
dentist pediatric dentistry 1223p0221x,pediatric dentistry
internal magnetic resonance imaging 207rm1200x,magnetic resonance imaging
radiology body imaging,body imaging
rehabilitation hospital,rehabilitation
dentist oral maxillofacial,oral maxillofacial
clinical informatics preventive,clinical informatics
nursing facility intermediate facility 313m00000x,nursing facility supplies
psychologist developmental disabilities 103tm1800x,developmental disabilities
otolaryn facial plastic,facial plastic
pharmacy home infusion therapy,home infusion therapy pharmacy
gyn reproductive endocrinology,reproductive endocrinology
hospice palliative emergency,hospice palliative
dermatology immunology diagnostic laboratory immunology,clinical laboratory immunology
dentist prosthodontics,prosthodontics
emergency medical technician hospital,emergency medical
radiation oncology hospital,oncology radiation
emergency medical technician division,emergency medical
cardiology interventional 207ri0011x,interventional cardiology
critical internal,critical
family hospital,family
surgical oncology service,surgical oncology
electrophysiology,electrophysiology clinical
pediatrics critical 2080p0203x,pediatrics critical
immunology dermatology,immunology
sports orthopedic,sports
pain pain 208vp0000x,pain
toxicology,medical toxicology
urological oncology,gynecologic oncology
medical genetics,medical biochemical genetics
lactation consultant non nurse,lactation consultant
family planning,complex family planning
pain psychiatry neurology,neurology
ambulance water transport 3416s0300x,water transport
specialized medical vehicle,medical specialty
pediatric orthopedics,pediatric orthopaedic
ophthalmology uveitis ocular inflammatory 207wx0108x,uveitis ocular inflammatory disease
pathology clinical pathology laboratory med 207zp0105x,clinical pathology laboratory
orthopedic physical therapist,physical therapy
orthopaedic spine,orthopaedic the spine
certified registered nurse anesthetist,registered nurse first assistant
podiatrics primary podiatric,primary podiatric
pharmacy compounding,compounding pharmacy
pharmacy hospital,pharmacy
physical therapist pediatrics,physical therapy
ambulance service,service
anesthesiology hospice palliative 207lh0002x,hospice palliative
hospice palliative service,hospice palliative
pharmacy community retail pharmacy,community retail pharmacy
pain management program,pain management
dermatology pediatric dermatology 207np0225x,pediatric dermatology
adult home custodial facility,adult home
magnetic resonance imaging 261qm1200x,magnetic resonance imaging
fragile infant child day 261qm3000x,medically fragile infants children day
dermatology,pediatric dermatology
adolescent family,clinical child adolescent
optometrist low vision rehabilitation,low vision rehabilitation
emergency medical technician,emergency medical
podiatrist foot ankle 213es0103x,foot ankle
adolescent pediatrics,child adolescent psychiatry
hospice palliative usa,hospice palliative
child adolescent psychiatrists,child adolescent psychiatry
allergy immunology pediatrics,pediatric allergy immunology
nutritionist nutrition education,nutrition education
renal dialysis technician,renal dialysis
clinical nurse psychiatric,clinical
medical nuclear,nuclear radiology
dev behavioral pediatrics,developmental behavioral pediatrics
dental laboratory,medical laboratory
psychiatric neurology,behavioral neurology neuropsychiatry
child adolescent psychiatric mntl registered nurse,clinical child adolescent
podiatrist primary podiatric,primary podiatric
multi specialty 193200000x,multi specialty
cardiothoracic vascular,vascular
pediatric hepatology,pediatric transplant hepatology
psychiatric mental nurse,psychiatric mental
neurodevelopmental disabilities pediatrics,neurodevelopmental disabilities
psychologist clinical child adolescent 103tc2200x,clinical child adolescent
allergy immunology clinical laboratory immunology,clinical laboratory immunology
orthopedic sports,sports
registered nurse addiction substance abuse,substance abuse treatment children
oncology hematology,hematology oncology
substance use disorder rehabilitation,rehabilitation substance use disorder
community workers,community
emergency medical toxicology 207pt0002x,medical toxicology
psychology pediatric,pediatric pathology
addiction anesthesiology,addiction psychiatry
oral amp maxillofacial,oral maxillofacial
speech pathologist assistant,speech language assistant
clinical laboratory program,clinical pathology laboratory
inpatient,obstetric inpatient
z pediatric dermatology,pediatric dermatology
anatomic clinical pathology,anatomic pathology clinical pathology
clinical psychologist,clinical
pediatric nurse,nursing pediatric
infectious disease division,infectious disease
medical genetics service,medical biochemical genetics
undersea hyperbaric preventive,undersea hyperbaric
